"Term","Overlap","P.value","Adjusted.P.value","Old.P.value","Old.Adjusted.P.value","Odds.Ratio","Combined.Score","Genes","Database","Group"
"ECM-receptor interaction","12/88",8.51863152751427e-12,1.42261146509488e-09,0,0,20.2576896787423,516.343499905708,"LAMA5;COL4A2;SDC4;LAMB2;DAG1;SPP1;FN1;LAMB1;LAMC1;AGRN;HSPG2;THBS1","KEGG_2021_Human","Upregulated"
"Small cell lung cancer","8/92",9.79460042352422e-07,8.17849135364273e-05,0,0,11.9047619047619,164.717433265677,"LAMA5;CDKN1B;COL4A2;MAX;LAMB2;FN1;LAMB1;LAMC1","KEGG_2021_Human","Upregulated"
"Protein processing in endoplasmic reticulum","9/171",1.32757449404581e-05,0.00073901646835217,0,0,6.96107572540694,78.1699001953024,"DNAJB2;SEC24A;HSPA5;DDIT3;EIF2AK3;SEC24D;ATF6;SEC23B;HERPUD1","KEGG_2021_Human","Upregulated"
"Complement and coagulation cascades","6/85",7.59898539809494e-05,0.00317257640370464,0,0,9.37737341772152,88.9435497193364,"C5;SERPINA1;C1S;CFH;SERPINE1;CLU","KEGG_2021_Human","Upregulated"
"Amoebiasis","6/102",0.000208362550895874,0.00611636345521772,0,0,7.71015625,65.3530651314162,"LAMA5;COL4A2;LAMB2;FN1;LAMB1;LAMC1","KEGG_2021_Human","Upregulated"
"Protein digestion and absorption","6/103",0.000219749585217403,0.00611636345521772,0,0,7.63028350515464,64.270045135197,"COL18A1;COL4A2;FXYD2;COL7A1;COL5A2;SLC38A2","KEGG_2021_Human","Upregulated"
"Focal adhesion","8/201",0.000281603438081849,0.00671825345138125,0,0,5.15275136092346,42.1237976370425,"LAMA5;COL4A2;LAMB2;FN1;SPP1;LAMB1;LAMC1;THBS1","KEGG_2021_Human","Upregulated"
"Human papillomavirus infection","10/331",0.000458740458440951,0.00957620706995486,0,0,3.89667705088266,29.9538576394957,"CREB3;LAMA5;CDKN1B;COL4A2;LAMB2;FN1;SPP1;LAMB1;LAMC1;THBS1","KEGG_2021_Human","Upregulated"
"Amino sugar and nucleotide sugar metabolism","4/48",0.000670038113116742,0.0124329294322773,0,0,11.1054994388328,81.160944044308,"NAGK;UXS1;UAP1;HK2","KEGG_2021_Human","Upregulated"
"PI3K-Akt signaling pathway","10/354",0.000770478226965041,0.0128669863903162,0,0,3.63185748360167,26.0349673274209,"CREB3;LAMA5;CDKN1B;COL4A2;LAMB2;FN1;SPP1;LAMB1;LAMC1;THBS1","KEGG_2021_Human","Upregulated"
"Amyotrophic lateral sclerosis","10/364",0.000952072030852075,0.0144541844683906,0,0,3.52745183253658,24.5400233482822,"GABARAPL2;HSPA5;DDIT3;EIF2AK3;RAB39B;WIPI1;ANG;COX6C;ATF6;SQSTM1","KEGG_2021_Human","Upregulated"
"Pathways of neurodegeneration","11/475",0.00210387442016312,0.0292789190139367,0,0,2.96259733036707,18.2613749080796,"APP;GABARAPL2;HSPA5;DDIT3;EIF2AK3;RAB39B;WIPI1;MAPT;COX6C;ATF6;SQSTM1","KEGG_2021_Human","Upregulated"
"Mitophagy","4/68",0.00246654440417984,0.0316856088844641,0,0,7.62731481481481,45.8015459683207,"GABARAPL2;CALCOCO2;EIF2AK3;SQSTM1","KEGG_2021_Human","Upregulated"
"Regulation Of IGF Transport And Uptake By IGFBPs R-HSA-381426","17/123",2.55340698581734e-16,1.2511694230505e-13,0,0,21.2343928073952,762.398215540057,"IGFBP1;APP;SERPINA1;IGFBP4;APLP2;IGFBP2;FN1;LAMB1;LAMC1;CST3;VCAN;VGF;STC2;QSOX1;IGFBP6;TIMP1;MFGE8","Reactome_2022","Upregulated"
"Post-translational Protein Phosphorylation R-HSA-8957275","15/106",1.08594040164417e-14,2.66055398402823e-12,0,0,21.5519248962958,692.975096527471,"IGFBP1;APP;SERPINA1;IGFBP4;APLP2;FN1;LAMB1;LAMC1;CST3;VCAN;VGF;STC2;QSOX1;TIMP1;MFGE8","Reactome_2022","Upregulated"
"Extracellular Matrix Organization R-HSA-1474244","17/291",3.49509340817905e-10,5.70865256669246e-08,0,0,8.14480968010582,177.349083678367,"COL18A1;LAMA5;SDC4;SERPINE1;FN1;LAMB1;LAMC1;HSPG2;THBS1;VCAN;COL4A2;COL7A1;COL5A2;DAG1;TIMP2;TIMP1;AGRN","Reactome_2022","Upregulated"
"Platelet Degranulation R-HSA-114608","12/125",5.61130267275445e-10,6.8738457741242e-08,0,0,13.5991265371796,289.675919542598,"LGALS3BP;APP;SERPINA1;HSPA5;APLP2;SERPINE1;FN1;MAGED2;QSOX1;TIMP1;CLU;THBS1","Reactome_2022","Upregulated"
"Response To Elevated Platelet Cytosolic Ca2+ R-HSA-76005","12/130",8.85840946248239e-10,8.68124127323274e-08,0,0,13.0195905789126,271.386643607323,"LGALS3BP;APP;SERPINA1;HSPA5;APLP2;SERPINE1;FN1;MAGED2;QSOX1;TIMP1;CLU;THBS1","Reactome_2022","Upregulated"
"Non-integrin membrane-ECM Interactions R-HSA-3000171","8/41",1.43887030521772e-09,1.17507741592781e-07,0,0,30.3812811660913,618.544884893752,"LAMA5;SDC4;DAG1;LAMB1;LAMC1;AGRN;THBS1;HSPG2","Reactome_2022","Upregulated"
"Unfolded Protein Response (UPR) R-HSA-381119","10/89",3.41824427594621e-09,2.39277099316234e-07,0,0,16.0296981499513,312.485160453638,"IGFBP1;HSPA5;FKBP14;DDIT3;EIF2AK3;SRPRA;WIPI1;ATF6;YIF1A;HERPUD1","Reactome_2022","Upregulated"
"Defective B3GALT6 Causes EDSP2 And SEMDJL1 R-HSA-4420332","6/20",1.05099933587534e-08,5.14989674578914e-07,0,0,53.0892857142857,975.300044485716,"VCAN;SDC4;GPC1;AGRN;HSPG2;GPC6","Reactome_2022","Upregulated"
"Defective B3GAT3 Causes JDSSDHD R-HSA-3560801","6/20",1.05099933587534e-08,5.14989674578914e-07,0,0,53.0892857142857,975.300044485716,"VCAN;SDC4;GPC1;AGRN;HSPG2;GPC6","Reactome_2022","Upregulated"
"Defective B4GALT7 Causes EDS, Progeroid Type R-HSA-3560783","6/20",1.05099933587534e-08,5.14989674578914e-07,0,0,53.0892857142857,975.300044485716,"VCAN;SDC4;GPC1;AGRN;HSPG2;GPC6","Reactome_2022","Upregulated"
"ECM Proteoglycans R-HSA-3000178","8/55",1.66159332961519e-08,7.4016430137404e-07,0,0,21.3164556962025,381.839619493028,"LAMA5;VCAN;SERPINE1;DAG1;LAMB1;LAMC1;AGRN;HSPG2","Reactome_2022","Upregulated"
"Defective EXT1 Causes Exostoses 1, TRPS2 And CHDS R-HSA-3656253","5/13",4.52215444129568e-08,1.8465463968624e-06,0,0,76.9642857142857,1301.59631172924,"SDC4;GPC1;AGRN;HSPG2;GPC6","Reactome_2022","Upregulated"
"GAG Synthesis Requires Tetrasaccharide Linker Sequence R-HSA-1971475","6/26",5.99084721939154e-08,2.25808856730912e-06,0,0,37.15125,617.84192765124,"VCAN;SDC4;GPC1;AGRN;GPC6;HSPG2","Reactome_2022","Upregulated"
"Metabolism Of Proteins R-HSA-392499","38/1890",2.05910783346589e-07,7.20687741713063e-06,0,0,2.88250877429806,44.3785944599221,"APP;SERPINA1;CETN2;UAP1;LAMC1;THBS1;CST3;STC2;DAG1;SLC17A5;QSOX1;IGFBP6;TIMP1;B2M;IGFBP1;SEC24A;IGFBP4;APLP2;COG3;IGFBP2;ALG2;FN1;RAB39B;LAMB1;JOSD2;HSPG2;DHDDS;VCAN;NAGK;VGF;COL7A1;SRPRA;TGFBI;SEC22B;MFGE8;SEC24D;SQSTM1;ITM2B","Reactome_2022","Upregulated"
"PERK Regulates Gene Expression R-HSA-381042","6/32",2.26288079151765e-07,7.39207725229099e-06,0,0,28.5692307692308,437.150855078115,"IGFBP1;HSPA5;DDIT3;EIF2AK3;ATF6;HERPUD1","Reactome_2022","Upregulated"
"Diseases Of Glycosylation R-HSA-3781865","10/143",3.27102380770289e-07,9.96231880055542e-06,0,0,9.49537304800463,141.794335688089,"VCAN;SDC4;GPC1;DAG1;ALG2;AGRN;HSPG2;THBS1;GPC6;DHDDS","Reactome_2022","Upregulated"
"Post-translational Protein Modification R-HSA-597592","31/1383",3.45631468590698e-07,9.96231880055542e-06,0,0,3.13906421214114,46.7026606811249,"APP;SERPINA1;CETN2;UAP1;LAMC1;THBS1;CST3;STC2;DAG1;SLC17A5;QSOX1;TIMP1;IGFBP1;SEC24A;IGFBP4;APLP2;COG3;ALG2;FN1;RAB39B;LAMB1;JOSD2;DHDDS;VCAN;NAGK;VGF;COL7A1;SEC22B;MFGE8;SEC24D;SQSTM1","Reactome_2022","Upregulated"
"Early SARS-CoV-2 Infection Events R-HSA-9772572","6/37",5.60953645750123e-07,1.52704048009756e-05,0,0,23.9552419354839,344.802830594542,"NRP1;SDC4;GPC1;AGRN;GPC6;HSPG2","Reactome_2022","Upregulated"
"HS-GAG Degradation R-HSA-2024096","5/21",6.77604975935162e-07,1.747507569517e-05,0,0,38.4666149068323,546.406776703384,"SDC4;GPC1;AGRN;HSPG2;GPC6","Reactome_2022","Upregulated"
"Laminin Interactions R-HSA-3000157","5/22",8.7103379106065e-07,2.11706493617435e-05,0,0,36.2020460358056,505.148328892714,"COL18A1;LAMA5;LAMB1;LAMC1;HSPG2","Reactome_2022","Upregulated"
"Diseases Associated With Glycosaminoglycan Metabolism R-HSA-3560782","6/40",9.0731354407472e-07,2.11706493617435e-05,0,0,21.8382352941176,303.830514164607,"VCAN;SDC4;GPC1;AGRN;GPC6;HSPG2","Reactome_2022","Upregulated"
"Platelet Activation, Signaling And Aggregation R-HSA-76002","12/254",1.46715729536518e-06,3.26775943058607e-05,0,0,6.30846839111302,84.7365071913819,"LGALS3BP;APP;SERPINA1;HSPA5;APLP2;SERPINE1;FN1;MAGED2;QSOX1;TIMP1;CLU;THBS1","Reactome_2022","Upregulated"
"Chondroitin Sulfate/Dermatan Sulfate Metabolism R-HSA-1793185","6/50",3.5074250408187e-06,7.47234030435288e-05,0,0,16.8664772727273,211.853553377567,"VCAN;SDC4;GPC1;AGRN;HSPG2;GPC6","Reactome_2022","Upregulated"
"Amyloid Fiber Formation R-HSA-977225","7/79",4.19473102240625e-06,8.56424250407942e-05,0,0,12.0836827393431,149.616309076698,"CST3;APP;TGFBI;MFGE8;B2M;HSPG2;ITM2B","Reactome_2022","Upregulated"
"HS-GAG Biosynthesis R-HSA-2022928","5/30",4.46727041985021e-06,8.75585002290642e-05,0,0,24.6074534161491,303.132647955926,"SDC4;GPC1;AGRN;GPC6;HSPG2","Reactome_2022","Upregulated"
"Heparan Sulfate/Heparin (HS-GAG) Metabolism R-HSA-1638091","6/53",4.96416619734672e-06,9.35554398730727e-05,0,0,15.7875,192.816924513188,"VCAN;SDC4;GPC1;AGRN;HSPG2;GPC6","Reactome_2022","Upregulated"
"Cargo Concentration In ER R-HSA-5694530","5/32",6.22864517721689e-06,0.000113038375438381,0,0,22.7823786519439,273.077603457396,"SERPINA1;SEC24A;COL7A1;SEC22B;SEC24D","Reactome_2022","Upregulated"
"Diseases Of Metabolism R-HSA-5668914","11/247",7.14510839159695e-06,0.000125039396852947,0,0,5.89332968835429,69.8305501274071,"VCAN;SDC4;GPC1;DAG1;ALG2;MMUT;AGRN;HSPG2;THBS1;GPC6;DHDDS","Reactome_2022","Upregulated"
"Integrin Cell Surface Interactions R-HSA-216083","6/66",1.79744061961919e-05,0.000303705484004622,0,0,12.35875,135.038644284869,"COL18A1;COL4A2;FN1;AGRN;HSPG2;THBS1","Reactome_2022","Upregulated"
"Asparagine N-linked Glycosylation R-HSA-446203","11/282",2.46214216872613e-05,0.000402149887558601,0,0,5.12303297226521,54.36508129078,"SERPINA1;SEC24A;NAGK;COL7A1;COG3;ALG2;SLC17A5;UAP1;SEC22B;SEC24D;DHDDS","Reactome_2022","Upregulated"
"Retinoid Metabolism And Transport R-HSA-975634","5/43",2.76588622901687e-05,0.000437188468457506,0,0,16.1784897025172,169.802379993606,"SDC4;GPC1;AGRN;GPC6;HSPG2","Reactome_2022","Upregulated"
"Degradation Of Extracellular Matrix R-HSA-1474228","7/109",3.50166508243702e-05,0.000536192465748169,0,0,8.51670982858552,87.3787760189545,"COL18A1;LAMA5;TIMP2;LAMB1;LAMC1;TIMP1;HSPG2","Reactome_2022","Upregulated"
"Metabolism Of Fat-Soluble Vitamins R-HSA-6806667","5/47",4.29117136489436e-05,0.000637173929938859,0,0,14.6347234545992,147.172131327155,"SDC4;GPC1;AGRN;GPC6;HSPG2","Reactome_2022","Upregulated"
"ATF6 (ATF6-alpha) Activates Chaperone Genes R-HSA-381183","3/9",4.54679243942918e-05,0.000655273028035382,0,0,60.8220858895706,608.129834932478,"HSPA5;DDIT3;ATF6","Reactome_2022","Upregulated"
"IRE1alpha Activates Chaperones R-HSA-381070","5/48",4.75821866502761e-05,0.000666150613103866,0,0,14.2936588184313,142.265530873798,"HSPA5;FKBP14;SRPRA;WIPI1;YIF1A","Reactome_2022","Upregulated"
"ATF4 Activates Genes In Response To Endoplasmic Reticulum Stress R-HSA-380994","4/27",6.92002176670688e-05,0.000941891851579548,0,0,21.2678475577026,203.714217133043,"IGFBP1;DDIT3;ATF6;HERPUD1","Reactome_2022","Upregulated"
"Antigen Presentation: Folding, Assembly, Peptide Loading Of Class I MHC R-HSA-983170","4/28",8.02132621745757e-05,0.00106228374231195,0,0,20.380658436214,192.206355697669,"SEC24A;HSPA5;SEC24D;B2M","Reactome_2022","Upregulated"
"ATF6 (ATF6-alpha) Activates Chaperones R-HSA-381033","3/11",8.82264801825221e-05,0.00113765724445884,0,0,45.611963190184,425.8151991491,"HSPA5;DDIT3;ATF6","Reactome_2022","Upregulated"
"Hemostasis R-HSA-109582","15/576",9.47852101614098e-05,0.00119089110202797,0,0,3.41272089811241,31.6150954762682,"LGALS3BP;APP;SERPINA1;SDC4;HSPA5;APLP2;SERPINE1;FN1;TNFRSF10B;CLU;THBS1;GPC1;MAGED2;QSOX1;TIMP1","Reactome_2022","Upregulated"
"COPII-mediated Vesicle Transport R-HSA-204005","5/66",0.000220219773801511,0.00269769222906851,0,0,10.0666938193667,84.770466336585,"SERPINA1;SEC24A;COL7A1;SEC22B;SEC24D","Reactome_2022","Upregulated"
"MET Activates PTK2 Signaling R-HSA-8874081","3/17",0.000350519767167498,0.0041891386807823,0,0,26.0560911481157,207.304696273132,"LAMA5;LAMB1;LAMC1","Reactome_2022","Upregulated"
"Biosynthesis Of N-glycan Precursor (Dolichol LLO) And Transfer To Protein R-HSA-446193","5/77",0.000452467400110426,0.00527878633462164,0,0,8.52398205659075,65.6414370493624,"NAGK;ALG2;SLC17A5;UAP1;DHDDS","Reactome_2022","Upregulated"
"Collagen Chain Trimerization R-HSA-8948216","4/44",0.000479652478236999,0.00546580731014255,0,0,12.2185185185185,93.3794012115676,"COL18A1;COL4A2;COL7A1;COL5A2","Reactome_2022","Upregulated"
"Glycosaminoglycan Metabolism R-HSA-1630316","6/120",0.000500087021443437,0.0055691509206201,0,0,6.48684210526316,49.304725222064,"VCAN;SDC4;GPC1;AGRN;HSPG2;GPC6","Reactome_2022","Upregulated"
"Regulation Of Complement Cascade R-HSA-977606","4/45",0.00052306868642659,0.0056956368077562,0,0,11.9199036434809,90.0643813790297,"C5;C1S;CFH;CLU","Reactome_2022","Upregulated"
"XBP1(S) Activates Chaperone Genes R-HSA-381038","4/46",0.000569208436003416,0.00606330725307987,0,0,11.6355085243974,86.9319544596396,"FKBP14;SRPRA;WIPI1;YIF1A","Reactome_2022","Upregulated"
"SARS-CoV-2 Infection R-HSA-9694516","9/283",0.000612587478484752,0.00638655030760699,0,0,4.09224045748291,30.2736534057418,"NRP1;SEC24A;SDC4;GPC1;SEC24D;AGRN;B2M;HSPG2;GPC6","Reactome_2022","Upregulated"
"Immune System R-HSA-168256","30/1943",0.000626125426688524,0.00639169706411201,0,0,2.06647243319701,15.2422176876716,"APP;LAMA5;GRN;SERPINA1;CDKN1B;CFH;C1S;CLSTN1;CLU;CST3;C5;CREG1;ORMDL3;TIMP2;QSOX1;TIMP1;B2M;IKBIP;NPDC1;SEC24A;HSPA5;TNFRSF12A;FN1;QPCT;TRIB3;TRIM38;SEC22B;SEC24D;SQSTM1;ITM2C","Reactome_2022","Upregulated"
"ER To Golgi Anterograde Transport R-HSA-199977","6/133",0.000859424313382929,0.00859424313382929,0,0,5.81899606299213,41.0777351320866,"SERPINA1;SEC24A;COL7A1;COG3;SEC22B;SEC24D","Reactome_2022","Upregulated"
"SARS-CoV Infections R-HSA-9679506","10/369",0.00105525488194842,0.0103414978430945,0,0,3.47743018355832,23.8342124030835,"NRP1;SEC24A;SDC4;FXYD2;GPC1;SEC24D;AGRN;B2M;HSPG2;GPC6","Reactome_2022","Upregulated"
"Complement Cascade R-HSA-166658","4/55",0.00112275129227916,0.0107872182983684,0,0,9.57782619220528,65.0523378060686,"C5;C1S;CFH;CLU","Reactome_2022","Upregulated"
"Assembly Of Collagen Fibrils And Other Multimeric Structures R-HSA-2022090","4/57",0.00128377856214351,0.0120971441432754,0,0,9.21546703936641,61.3560961782123,"COL18A1;COL4A2;COL7A1;COL5A2","Reactome_2022","Upregulated"
"Visual Phototransduction R-HSA-2187338","5/98",0.00135272904123395,0.0125063628340497,0,0,6.59219929205904,43.5456374192092,"SDC4;GPC1;AGRN;HSPG2;GPC6","Reactome_2022","Upregulated"
"Terminal Pathway Of Complement R-HSA-166665","2/7",0.00139918426440188,0.0126963016584615,0,0,48.3634146341463,317.837874496804,"C5;CLU","Reactome_2022","Upregulated"
"MET Promotes Cell Motility R-HSA-8875878","3/28",0.00157930822380472,0.0140702005393512,0,0,14.5833128834356,94.0735733449171,"LAMA5;LAMB1;LAMC1","Reactome_2022","Upregulated"
"EGR2 And SOX10-mediated Initiation Of Schwann Cell Myelination R-HSA-9619665","3/29",0.0017508698683985,0.0151334527380202,0,0,14.0217083529967,89.0047925215315,"DAG1;LAMB1;LAMC1","Reactome_2022","Upregulated"
"Transport Of Inorganic Cations/Anions And Amino Acids/Oligopeptides R-HSA-425393","5/104",0.00176042205319827,0.0151334527380202,0,0,6.19078988644206,39.2632381156802,"SLC4A7;SLC38A1;SLC17A5;SLC4A2;SLC38A2","Reactome_2022","Upregulated"
"Synthesis Of UDP-N-acetyl-glucosamine R-HSA-446210","2/8",0.00185541581815686,0.0154708433334816,0,0,40.3008130081301,253.477865360352,"NAGK;UAP1","Reactome_2022","Upregulated"
"Synthesis Of Substrates In N-glycan Biosythesis R-HSA-446219","4/63",0.00186281582994982,0.0154708433334816,0,0,8.27578991420799,52.0188516920548,"NAGK;SLC17A5;UAP1;DHDDS","Reactome_2022","Upregulated"
"Collagen Biosynthesis And Modifying Enzymes R-HSA-1650814","4/67",0.00233636278950288,0.0190802961142736,0,0,7.74877523025671,46.951068322462,"COL18A1;COL4A2;COL7A1;COL5A2","Reactome_2022","Upregulated"
"Transport To Golgi And Subsequent Modification R-HSA-948021","6/164",0.00250340910472722,0.020109351824858,0,0,4.66993670886076,27.9733964450287,"SERPINA1;SEC24A;COL7A1;COG3;SEC22B;SEC24D","Reactome_2022","Upregulated"
"Activation Of Matrix Metalloproteinases R-HSA-1592389","3/33",0.00255163869306351,0.02016617676776,0,0,12.1496932515337,72.5460553418577,"COL18A1;TIMP2;TIMP1","Reactome_2022","Upregulated"
"Cellular Responses To Stress R-HSA-2262752","14/722",0.00283873401545775,0.0220790423424491,0,0,2.48814302705917,14.5914587408223,"IGFBP1;CDKN1B;HSPA5;FKBP14;EIF2AK3;WIPI1;COX6C;YIF1A;HERPUD1;DDIT3;SRPRA;TRIB3;ATF6;SQSTM1","Reactome_2022","Upregulated"
"Bicarbonate Transporters R-HSA-425381","2/10",0.00294954688137821,0.0225824683105519,0,0,30.2225609756098,176.079774926743,"SLC4A7;SLC4A2","Reactome_2022","Upregulated"
"Cellular Responses To Stimuli R-HSA-8953897","14/736",0.00336996221837902,0.0254043305693188,0,0,2.4381105117364,13.8798065595207,"IGFBP1;CDKN1B;HSPA5;FKBP14;EIF2AK3;WIPI1;COX6C;YIF1A;HERPUD1;DDIT3;SRPRA;TRIB3;ATF6;SQSTM1","Reactome_2022","Upregulated"
"ALK Mutants Bind TKIs R-HSA-9700645","2/12",0.00427909834980946,0.0317690635061612,0,0,24.1756097560976,131.854088865558,"EIF2AK3;FN1","Reactome_2022","Upregulated"
"Metabolism Of Vitamins And Cofactors R-HSA-196854","6/186",0.00464424444608049,0.0337198898889364,0,0,4.09458333333333,21.9966199572378,"SDC4;GPC1;MMUT;AGRN;HSPG2;GPC6","Reactome_2022","Upregulated"
"Disease R-HSA-1643685","25/1736",0.00467949492336261,0.0337198898889364,0,0,1.87802330353035,10.0747782659129,"APP;NRP1;CDKN1B;SDC4;CLSTN1;THBS1;GPC1;DAG1;SLC17A5;MMUT;B2M;GPC6;SEC24A;RNGTT;ALG2;FN1;EIF2AK3;HSPG2;DHDDS;TARBP1;VCAN;FXYD2;SEC24D;AGRN;SQSTM1","Reactome_2022","Upregulated"
"Neutrophil Degranulation R-HSA-6798695","10/468",0.00581751647649452,0.0413127981664104,0,0,2.71190236255738,13.957840996106,"CST3;GRN;SERPINA1;CREG1;QPCT;ORMDL3;TIMP2;QSOX1;B2M;ITM2C","Reactome_2022","Upregulated"
"Response Of EIF2AK1 (HRI) To Heme Deficiency R-HSA-9648895","2/15",0.00669741795516818,0.04641312285754,0,0,18.593808630394,93.0812234425682,"DDIT3;TRIB3","Reactome_2022","Upregulated"
"Collagen Formation R-HSA-1474290","4/90",0.00672516678139865,0.04641312285754,0,0,5.66982486362331,28.3598887844875,"COL18A1;COL4A2;COL7A1;COL5A2","Reactome_2022","Upregulated"
"miRNA Targets In ECM And Membrane Receptors WP2911","6/22",1.99557660048843e-08,4.9490299692113e-06,0,0,46.4484375,823.519078518,"COL4A2;LAMB2;COL5A2;FN1;LAMC1;THBS1","WikiPathways_2024_Human","Upregulated"
"Inflammatory Response Pathway WP453","6/30",1.50322512684711e-07,1.86399915729042e-05,0,0,30.953125,486.288536879016,"LAMA5;LAMB2;FN1;LAMB1;LAMC1;THBS1","WikiPathways_2024_Human","Upregulated"
"Unfolded Protein Response WP4925","5/23",1.10554226238686e-06,6.21184372253357e-05,0,0,34.1890959282264,468.909420351234,"HSPA5;DDIT3;EIF2AK3;TNFRSF10B;ATF6","WikiPathways_2024_Human","Upregulated"
"Small Cell Lung Cancer WP4658","8/95",1.25238784728499e-06,6.21184372253357e-05,0,0,11.4925069111014,156.188438823352,"LAMA5;CDKN1B;COL4A2;MAX;LAMB2;FN1;LAMB1;LAMC1","WikiPathways_2024_Human","Upregulated"
"Complement System WP2806","8/95",1.25238784728499e-06,6.21184372253357e-05,0,0,11.4925069111014,156.188438823352,"LAMA5;C5;CFH;C1S;SPP1;LAMB1;LAMC1;THBS1","WikiPathways_2024_Human","Upregulated"
"Photodynamic Therapy Induced Unfolded Protein Response WP3613","5/27",2.58215304966016e-06,0.000106728992719287,0,0,27.9672501411632,359.851447034196,"HSPA5;DDIT3;EIF2AK3;TRIB3;ATF6","WikiPathways_2024_Human","Upregulated"
"Apoptosis Related Network Due To Altered Notch3 Ovarian Cancer WP2864","6/53",4.96416619734672e-06,0.000175873316705998,0,0,15.7875,192.816924513188,"APP;CDKN1B;HSPA5;TNFRSF10B;SQSTM1;THBS1","WikiPathways_2024_Human","Upregulated"
"Primary Focal Segmental Glomerulosclerosis FSGS WP2572","6/72",2.96663630207603e-05,0.000919657253643569,0,0,11.2318181818182,117.097283526662,"LAMA5;CDKN1B;LAMB2;DAG1;FAT1;AGRN","WikiPathways_2024_Human","Upregulated"
"Focal Adhesion WP306","9/199",4.39873569469554e-05,0.00117513324489413,0,0,5.92678511565538,59.4551868026873,"LAMA5;COL4A2;LAMB2;COL5A2;FN1;SPP1;LAMB1;LAMC1;THBS1","WikiPathways_2024_Human","Upregulated"
"Focal Adhesion PI3K Akt mTOR Signaling WP3932","11/303",4.73844050360537e-05,0.00117513324489413,0,0,4.74949182501105,47.2917225987749,"CREB3;LAMA5;CDKN1B;COL4A2;LAMB2;COL5A2;FN1;SPP1;LAMB1;LAMC1;THBS1","WikiPathways_2024_Human","Upregulated"
"Complement And Coagulation Cascades WP558","5/58",0.000119100336016538,0.00267142278209563,0,0,11.590882456346,104.729931450358,"SERPINA1;C1S;CFH;SERPINE1;CLU","WikiPathways_2024_Human","Upregulated"
"Dengue 2 Interactions With Complement And Coagulation Cascades WP3896","5/59",0.000129262392682046,0.00267142278209563,0,0,11.3756613756614,101.853874394314,"SERPINA1;C1S;CFH;SERPINE1;CLU","WikiPathways_2024_Human","Upregulated"
"Alpha 6 Beta 4 Signaling WP244","4/33",0.000155212739247171,0.00296098148717681,0,0,16.8624946785866,147.896115973865,"LAMA5;LAMB2;LAMB1;LAMC1","WikiPathways_2024_Human","Upregulated"
"Splicing Factor NOVA Regulated Synaptic Proteins WP4148","4/42",0.000400613413521907,0.00709658046810236,0,0,12.862897985705,100.620195093778,"APLP2;CLSTN1;NCDN;AGRN","WikiPathways_2024_Human","Upregulated"
"PI3K Akt Signaling WP4172","10/338",0.000539816676771632,0.00882273075805295,0,0,3.81214821763602,28.6836742640175,"CREB3;LAMA5;CDKN1B;COL4A2;LAMB2;FN1;SPP1;LAMB1;LAMC1;THBS1","WikiPathways_2024_Human","Upregulated"
"Endoplasmic Reticulum Stress Response In Coronavirus Infection WP4861","4/46",0.000569208436003416,0.00882273075805295,0,0,11.6355085243974,86.9319544596396,"HSPA5;DDIT3;EIF2AK3;ATF6","WikiPathways_2024_Human","Upregulated"
"Complement System In Neuronal Development And Plasticity WP5090","5/106",0.00191443055701766,0.0279281634200224,0,0,6.0675850193715,37.9729800552275,"C5;CFH;C1S;MFGE8;CLU","WikiPathways_2024_Human","Upregulated"
"Sterol Regulatory Element Binding Proteins SREBP Signaling WP1982","4/69",0.00260162753225655,0.0358446459999792,0,0,7.50959164292498,44.6942212140913,"SEC24A;SEC24D;ATF6;SEC23B","WikiPathways_2024_Human","Upregulated"
"Photodynamic Therapy Induced HIF 1 Survival Signaling WP3614","3/37",0.0035468414741332,0.0423418550075553,0,0,10.7181522915915,60.4685761727953,"IGFBP1;SERPINE1;IGFBP2","WikiPathways_2024_Human","Upregulated"
"Inclusion Body Myositis WP5120","2/11",0.00358539901273654,0.0423418550075553,0,0,26.8631436314363,151.263286240739,"APP;MAPT","WikiPathways_2024_Human","Upregulated"
"UDP Derived Sugars Synthesis In Fibroblasts WP5394","2/11",0.00358539901273654,0.0423418550075553,0,0,26.8631436314363,151.263286240739,"UXS1;HK2","WikiPathways_2024_Human","Upregulated"
"Oxidative Damage Response WP3941","3/40",0.00442889665657631,0.0499257441286784,0,0,9.84762062676173,53.3702118959266,"C5;CDKN1B;C1S","WikiPathways_2024_Human","Upregulated"
"Retrograde endocannabinoid signaling","17/148",1.23614648708122e-10,2.70716080670786e-08,0,0,8.78446340368208,200.407448525743,"NDUFA8;NDUFA7;NDUFB7;NDUFA5;NDUFA12;NDUFA3;NDUFB3;GNAI3;ABHD6;GNAI2;NDUFS7;GNB1;NDUFS4;NDUFS3;NDUFS2;PRKACA;ND5","KEGG_2021_Human","Downregulated"
"Non-alcoholic fatty liver disease","15/155",1.66252319894344e-08,1.82046290284306e-06,0,0,7.19955817378498,128.960964789719,"NDUFA8;PRKAA1;NDUFA7;NDUFB7;PRKAA2;NDUFA5;NDUFA12;NDUFA3;NDUFB3;PRKAG1;NDUFS7;NDUFS4;NDUFS3;AKT1;NDUFS2","KEGG_2021_Human","Downregulated"
"Thermogenesis","17/232",1.15706187790786e-07,8.4465517087274e-06,0,0,5.32941176470588,85.1224930640715,"NDUFA8;PRKAA1;NDUFA7;NDUFB7;PRKAA2;NDUFA5;NDUFA12;NDUFA3;NDUFB3;PRKAG1;NDUFS7;NDUFAF4;NDUFS4;NDUFS3;NDUFS2;PRKACA;ND5","KEGG_2021_Human","Downregulated"
"Progesterone-mediated oocyte maturation","11/100",3.79987725184983e-07,2.08043279538778e-05,0,0,8.21386402589983,121.426594126559,"CCNA2;CCNB2;CCNB1;PLK1;CDK2;CDK1;GNAI3;AKT1;KIF22;PRKACA;GNAI2","KEGG_2021_Human","Downregulated"
"Diabetic cardiomyopathy","15/203",5.83576017304413e-07,2.55606295579333e-05,0,0,5.34821232726475,76.7687270508584,"NDUFA8;NDUFA7;NDUFB7;NDUFA5;NDUFA12;NDUFA3;NDUFB3;CYBA;PPP1CA;NDUFS7;NDUFS4;NDUFS3;AKT1;NDUFS2;ND5","KEGG_2021_Human","Downregulated"
"Oxidative phosphorylation","12/133",9.77570820028224e-07,3.56813349310302e-05,0,0,6.60246247259234,91.3661638200151,"NDUFA8;NDUFA7;NDUFB7;NDUFS7;NDUFA5;NDUFA12;NDUFA3;NDUFS4;NDUFB3;NDUFS3;NDUFS2;ND5","KEGG_2021_Human","Downregulated"
"Parkinson disease","15/249",7.35371296640611e-06,0.000230066162806134,0,0,4.28672129703058,50.6703540673705,"NDUFA8;NDUFA7;NDUFB7;NDUFA5;NDUFA12;NDUFA3;NDUFB3;GNAI3;GNAI2;NDUFS7;NDUFS4;NDUFS3;NDUFS2;PRKACA;ND5","KEGG_2021_Human","Downregulated"
"Prion disease","15/273",2.18844000808145e-05,0.000599085452212297,0,0,3.88316151202749,41.6652998111629,"NDUFA8;NDUFA7;NDUFB7;NDUFA5;NDUFA12;NDUFA3;NDUFB3;CYBA;SOD1;NDUFS7;NDUFS4;NDUFS3;NDUFS2;PRKACA;ND5","KEGG_2021_Human","Downregulated"
"FoxO signaling pathway","10/131",3.42392022840499e-05,0.000833153922245213,0,0,5.46487603305785,56.1906166550415,"CCNB2;CCNB1;PRKAA1;PRKAA2;HOMER1;PLK1;CDK2;PRKAG1;AKT1;CSNK1E","KEGG_2021_Human","Downregulated"
"Circadian rhythm","5/31",9.94616087716707e-05,0.00217820923209959,0,0,12.5658062867365,115.80318892375,"PRKAA1;PRKAA2;FBXW11;PRKAG1;CSNK1E","KEGG_2021_Human","Downregulated"
"p53 signaling pathway","7/73",0.00012586602481114,0.00250587813033087,0,0,6.96239991892166,62.5243878564794,"CCNB2;CCNB1;RRM2;AIFM2;CHEK1;CDK2;CDK1","KEGG_2021_Human","Downregulated"
"Alcoholism","11/186",0.000143493061141832,0.00261874836583844,0,0,4.15901210653753,36.8040292435021,"H2AX;HDAC3;GNB1;H2AC21;GNAI3;PRKACA;H3-3A;CAMKK1;CAMKK2;GNAI2;PPP1CA","KEGG_2021_Human","Downregulated"
"DNA replication","5/36",0.000207306879471498,0.00349232358494294,0,0,10.536384096024,89.3623435168678,"RNASEH2C;POLA1;POLA2;PRIM1;POLE","KEGG_2021_Human","Downregulated"
"Apelin signaling pathway","9/137",0.000264432778369768,0.00386071856419861,0,0,4.63210227272727,38.1589040974984,"PRKAA1;JAG1;PRKAA2;GNB1;PRKAG1;GNAI3;AKT1;PRKACA;GNAI2","KEGG_2021_Human","Downregulated"
"Insulin signaling pathway","9/137",0.000264432778369768,0.00386071856419861,0,0,4.63210227272727,38.1589040974984,"PRKAA1;PRKAA2;PRKAG1;FLOT1;RAPGEF1;AKT1;FLOT2;PRKACA;PPP1CA","KEGG_2021_Human","Downregulated"
"Alzheimer disease","15/369",0.000601419404631561,0.00823192810089449,0,0,2.81612208049391,20.8849753259745,"NDUFA8;NDUFA7;NDUFB7;NDUFA5;NDUFA12;NDUFA3;NDUFB3;CSNK1E;LRP6;NDUFS7;NDUFS4;NDUFS3;AKT1;NDUFS2;ND5","KEGG_2021_Human","Downregulated"
"Platelet activation","8/124",0.000650512595761225,0.00832285846229626,0,0,4.5308956260125,33.2465789130898,"LYN;FGB;ARHGEF12;GNAI3;AKT1;PRKACA;GNAI2;PPP1CA","KEGG_2021_Human","Downregulated"
"Cellular senescence","9/156",0.000684070558544898,0.00832285846229626,0,0,4.02947845804989,29.3646207336566,"CCNA2;CCNB2;CCNB1;FBXW11;CHEK1;CDK2;CDK1;AKT1;PPP1CA","KEGG_2021_Human","Downregulated"
"Oocyte meiosis","8/129",0.000843540760914466,0.00972291719159306,0,0,4.34255921016141,30.7362099673791,"CCNB2;CCNB1;FBXW11;PLK1;CDK2;CDK1;PRKACA;PPP1CA","KEGG_2021_Human","Downregulated"
"Huntington disease","13/306",0.000920811466046515,0.0100828855532093,0,0,2.93786765134131,20.5364447687996,"NDUFA8;NDUFA7;NDUFB7;NDUFA5;NDUFA12;NDUFA3;NDUFB3;SOD1;NDUFS7;NDUFS4;NDUFS3;NDUFS2;ND5","KEGG_2021_Human","Downregulated"
"Longevity regulating pathway","7/102",0.000979302607264819,0.0102127271900474,0,0,4.82988910403098,33.4647070857396,"PRKAA1;PRKAA2;PRKAG1;AKT1;PRKACA;CAMKK2;SOD1","KEGG_2021_Human","Downregulated"
"Oxytocin signaling pathway","8/154",0.00260351913070412,0.0259168495283728,0,0,3.59437344856118,21.389725458687,"PRKAA1;PRKAA2;PRKAG1;GNAI3;PRKACA;CAMKK2;GNAI2;PPP1CA","KEGG_2021_Human","Downregulated"
"Cell cycle","7/124",0.00300569081748058,0.0286194038707934,0,0,3.91730268987794,22.7487476160358,"CCNA2;CCNB2;CCNB1;CHEK1;PLK1;CDK2;CDK1","KEGG_2021_Human","Downregulated"
"Fc gamma R-mediated phagocytosis","6/97",0.00376792433447079,0.034382309552046,0,0,4.30835164835165,24.0459057939971,"LYN;MARCKSL1;MARCKS;MYO10;AKT1;PLD1","KEGG_2021_Human","Downregulated"
"Adipocytokine signaling pathway","5/69",0.0041022795722354,0.0353257052048391,0,0,5.09499584717608,28.0031796922732,"PRKAA1;PRKAA2;PRKAG1;AKT1;CAMKK2","KEGG_2021_Human","Downregulated"
"Amyotrophic lateral sclerosis","13/364",0.00419391933938728,0.0353257052048391,0,0,2.4450764757932,13.384641008463,"NDUFA8;NDUFA7;NDUFB7;NDUFA5;NDUFA12;NDUFA3;NDUFB3;SOD1;NDUFS7;NDUFS4;NDUFS3;NDUFS2;ND5","KEGG_2021_Human","Downregulated"
"Human immunodeficiency virus 1 infection","9/212",0.00550819979121477,0.044677620528742,0,0,2.90953873712494,15.1340164423665,"CCNB2;CCNB1;FBXW11;CHEK1;GNB1;GNAI3;CDK1;AKT1;GNAI2","KEGG_2021_Human","Downregulated"
"Parathyroid hormone synthesis, secretion and action","6/106",0.00580639949615012,0.045414338916317,0,0,3.9188,20.1770963109292,"CYP24A1;GNAI3;PRKACA;PLD1;GNAI2;LRP6","KEGG_2021_Human","Downregulated"
"Glucagon signaling pathway","6/107",0.00607432783511727,0.0458716481341614,0,0,3.87980198019802,19.8012830578893,"PRKAA1;PPP4C;PRKAA2;PRKAG1;AKT1;PRKACA","KEGG_2021_Human","Downregulated"
"Pathways of neurodegeneration","15/475",0.00672886488800815,0.0491207136824595,0,0,2.15531151949798,10.7794647119218,"NDUFA8;NDUFA7;NDUFB7;NDUFA5;NDUFA12;NDUFA3;NDUFB3;CSNK1E;LRP6;SOD1;NDUFS7;NDUFS4;NDUFS3;NDUFS2;ND5","KEGG_2021_Human","Downregulated"
"Cell Cycle, Mitotic R-HSA-69278","36/523",4.61283944636991e-14,3.21504639297288e-11,0,0,5.25859000684463,161.477351765327,"TOP2A;H2AX;CDCA5;PRIM1;CDCA8;MCM10;HMMR;TYMS;AURKB;PHF8;CCNB2;CCNB1;AKT1;TK1;POLE;LYN;GINS1;RRM2;FBXW11;UBE2C;NCAPH2;PLK1;CSNK1E;NDC80;HAUS1;DHFR;MZT2B;CCNA2;POLA1;POLA2;INCENP;CDK2;CDK1;KIF2C;KIF20A;SPC24","Reactome_2022","Downregulated"
"Cell Cycle R-HSA-1640170","40/654",7.87037060703275e-14,3.21504639297288e-11,0,0,4.67292008522936,140.996420301291,"TOP2A;H2AX;CDCA5;PRIM1;CDCA8;MCM10;HMMR;TYMS;SYNE2;AURKB;PHF8;PSMC3IP;CCNB2;CCNB1;CHEK1;AKT1;TK1;POLE;LYN;GINS1;RRM2;FBXW11;UBE2C;NCAPH2;PLK1;CSNK1E;MLH1;NDC80;HAUS1;DHFR;MZT2B;CCNA2;POLA1;POLA2;INCENP;CDK2;CDK1;KIF2C;KIF20A;SPC24","Reactome_2022","Downregulated"
"Complex I Biogenesis R-HSA-6799198","13/51",5.52122226006928e-13,1.50361286215887e-10,0,0,22.9502425004491,647.770754061429,"NDUFA8;NDUFA7;NDUFB7;TIMMDC1;NDUFA5;NDUFA12;NDUFA3;NDUFB3;NDUFS7;NDUFAF4;NDUFS4;NDUFS3;NDUFS2","Reactome_2022","Downregulated"
"Mitotic G1 Phase And G1/S Transition R-HSA-453279","16/147",9.79287603199559e-10,1.82594609863477e-07,0,0,8.23922084759147,170.916010041474,"LYN;TOP2A;RRM2;PRIM1;MCM10;TYMS;DHFR;CCNA2;POLA1;CCNB1;POLA2;CDK2;CDK1;AKT1;TK1;POLE","Reactome_2022","Downregulated"
"Respiratory Electron Transport R-HSA-611105","13/90",1.1174700726039e-09,1.82594609863477e-07,0,0,11.3036212933824,232.992486664558,"NDUFA8;NDUFA7;NDUFB7;TIMMDC1;NDUFA5;NDUFA12;NDUFA3;NDUFB3;NDUFS7;NDUFAF4;NDUFS4;NDUFS3;NDUFS2","Reactome_2022","Downregulated"
"G1/S Transition R-HSA-69206","14/129",1.1526834308651e-08,1.36485403198629e-06,0,0,8.16277546158428,149.20401042836,"RRM2;PRIM1;MCM10;TYMS;DHFR;CCNA2;POLA1;CCNB1;POLA2;CDK2;CDK1;AKT1;TK1;POLE","Reactome_2022","Downregulated"
"Kinesins R-HSA-983189","9/42",1.16939757942522e-08,1.36485403198629e-06,0,0,18.0541781450872,329.744976353235,"RACGAP1;KIFC1;KIF4A;KIF13B;KIF1C;KIF2C;KIF11;KIF22;KIF20A","Reactome_2022","Downregulated"
"Respiratory Electron Transport, ATP Synthesis By Chemiosmotic Coupling, Heat Production By Uncoupling Proteins R-HSA-163200","13/112",1.71035466589482e-08,1.74669970254509e-06,0,0,8.78184576136795,157.054353853898,"NDUFA8;NDUFA7;NDUFB7;TIMMDC1;NDUFA5;NDUFA12;NDUFA3;NDUFB3;NDUFS7;NDUFAF4;NDUFS4;NDUFS3;NDUFS2","Reactome_2022","Downregulated"
"COPI-dependent Golgi-to-ER Retrograde Traffic R-HSA-6811434","10/78",3.04681709731866e-07,2.76583285389927e-05,0,0,9.75059618441971,146.297927403893,"RACGAP1;KIFC1;KIF4A;KIF13B;KIF1C;KIF2C;KIF11;KIF22;KIF20A;ARF5","Reactome_2022","Downregulated"
"Resolution Of Sister Chromatid Cohesion R-HSA-2500257","11/106",6.87630740540863e-07,5.61794315021885e-05,0,0,7.69273862622658,109.160067707711,"CCNB2;CCNB1;INCENP;CDCA5;PLK1;CDK1;CDCA8;KIF2C;NDC80;AURKB;SPC24","Reactome_2022","Downregulated"
"Mitotic Prometaphase R-HSA-68877","14/186",1.11623262779798e-06,8.14811985750077e-05,0,0,5.44178082191781,74.5826060433593,"CDCA5;PLK1;CDCA8;CSNK1E;NDC80;AURKB;HAUS1;MZT2B;CCNB2;CCNB1;INCENP;CDK1;KIF2C;SPC24","Reactome_2022","Downregulated"
"Golgi-to-ER Retrograde Transport R-HSA-8856688","11/112",1.19678627037955e-06,8.14811985750077e-05,0,0,7.23352911562343,98.635467737871,"RACGAP1;KIFC1;KIF4A;GALNT1;KIF13B;KIF1C;KIF2C;KIF20A;KIF11;KIF22;ARF5","Reactome_2022","Downregulated"
"Citric Acid (TCA) Cycle And Respiratory Electron Transport R-HSA-1428517","13/163",1.4139155094593e-06,8.88591516329423e-05,0,0,5.78093287827076,77.8642390421247,"NDUFA8;NDUFA7;NDUFB7;TIMMDC1;NDUFA5;NDUFA12;NDUFA3;NDUFB3;NDUFS7;NDUFAF4;NDUFS4;NDUFS3;NDUFS2","Reactome_2022","Downregulated"
"Cyclin A/B1/B2 Associated Events During G2/M Transition R-HSA-69273","6/25",1.6929721280139e-06,9.87824337159444e-05,0,0,20.7105263157895,275.222700275915,"CCNA2;CCNB2;CCNB1;PLK1;CDK2;CDK1","Reactome_2022","Downregulated"
"Activation Of NIMA Kinases NEK9, NEK6, NEK7 R-HSA-2980767","4/7",1.81363097397695e-06,9.87824337159444e-05,0,0,86.9359823399559,1149.30930538093,"CCNB2;CCNB1;PLK1;CDK1","Reactome_2022","Downregulated"
"Signaling By Rho GTPases R-HSA-194315","27/644",2.39918668504738e-06,0.000122508470105232,0,0,2.99215768285669,38.7196597079522,"H2AX;GRB7;ABCD3;CDCA8;AURKB;RACGAP1;FLOT1;ABL2;PLXNA1;FLOT2;ECT2;JAG1;ARHGEF12;NDUFA5;NCOA3;PLK1;CYBA;NDC80;ANLN;CCDC88A;INCENP;PRC1;CDC42EP4;RAPGEF1;NDUFS3;KIF2C;SPC24","Reactome_2022","Downregulated"
"DNA Replication Initiation R-HSA-68952","4/8",3.58352701397754e-06,0.000171810021202327,0,0,65.1986754966887,817.536822247608,"POLA1;POLA2;PRIM1;POLE","Reactome_2022","Downregulated"
"Signaling By Rho GTPases, Miro GTPases And RHOBTB3 R-HSA-9716542","27/660",3.78528810482484e-06,0.000171810021202327,0,0,2.91408041583856,36.3805121960658,"H2AX;GRB7;ABCD3;CDCA8;AURKB;RACGAP1;FLOT1;ABL2;PLXNA1;FLOT2;ECT2;JAG1;ARHGEF12;NDUFA5;NCOA3;PLK1;CYBA;NDC80;ANLN;CCDC88A;INCENP;PRC1;CDC42EP4;RAPGEF1;NDUFS3;KIF2C;SPC24","Reactome_2022","Downregulated"
"G1/S-Specific Transcription R-HSA-69205","6/29",4.31290821721738e-06,0.000185455053340348,0,0,17.1052173913043,211.316112990104,"DHFR;POLA1;RRM2;CDK1;TK1;TYMS","Reactome_2022","Downregulated"
"Cell Cycle Checkpoints R-HSA-69620","16/271",4.71808548794958e-06,0.00019273379218274,0,0,4.20586883029074,51.5812272873042,"H2AX;UBE2C;PLK1;CDCA8;MCM10;NDC80;AURKB;CCNA2;CCNB2;CCNB1;INCENP;CHEK1;CDK2;CDK1;KIF2C;SPC24","Reactome_2022","Downregulated"
"M Phase R-HSA-68886","19/380",6.92888343828321e-06,0.000269566560432256,0,0,3.54538785989364,42.1185408092324,"H2AX;UBE2C;CDCA5;NCAPH2;PLK1;CDCA8;CSNK1E;NDC80;AURKB;PHF8;HAUS1;MZT2B;CCNB2;CCNB1;INCENP;CDK1;KIF2C;KIF20A;SPC24","Reactome_2022","Downregulated"
"Activation Of Pre-Replicative Complex R-HSA-68962","6/32",7.91612492973481e-06,0.000293976093981515,0,0,15.1292307692308,177.717154510732,"POLA1;POLA2;PRIM1;CDK2;MCM10;POLE","Reactome_2022","Downregulated"
"Activation Of AMPK Downstream Of NMDARs R-HSA-9619483","4/10",1.04930344062387e-05,0.000372730830865089,0,0,43.4613686534216,498.275852000636,"PRKAA1;PRKAA2;PRKAG1;CAMKK2","Reactome_2022","Downregulated"
"E2F Mediated Regulation Of DNA Replication R-HSA-113510","5/22",1.7256091486544e-05,0.000587426114354435,0,0,19.2270861833105,210.870094192125,"POLA1;CCNB1;POLA2;PRIM1;CDK1","Reactome_2022","Downregulated"
"Signal Transduction R-HSA-162582","63/2465",2.59923806971515e-05,0.00084943100118291,0,0,1.8664076232769,19.7049850400278,"H2AX;ABCD3;PRKAG1;ADGRE5;CHEK1;FLOT1;AKT1;FLOT2;PDE8A;DLGAP5;FGB;ARHGEF12;NCOA3;CYBA;CSNK1E;NCOR1;INCENP;CDC42EP4;RAPGEF1;NDUFS3;KIF2C;GRB7;PRKAA1;PRKAA2;HDAC3;GNAI3;CDCA8;DERL2;ABHD6;FURIN;LTBP3;CAMKK1;AURKB;GNAI2;CAMKK2;LRP6;RACGAP1;FLRT3;ABL2;PLXNA1;SOCS6;ECT2;LYN;WWOX;YES1;JAG1;NDUFA5;PLK1;CGN;NDC80;PPP1CA;ANLN;CCDC88A;NBEA;PRC1;GNB1;CDK2;TACC3;CNTN1;CDK1;AMOTL2;SPC24;EZH2","Reactome_2022","Downregulated"
"Hemostasis R-HSA-109582","23/576",2.95178744011308e-05,0.000927542437912456,0,0,2.81307228800184,29.3417914757944,"LYN;TOR4A;FGB;GRB7;YES1;GNAI3;ABHD6;KIF11;KIF22;CYRIB;GNAI2;SOD1;RACGAP1;GRB14;KIFC1;KIF4A;GNB1;CDK2;KIF13B;AKT1;KIF1C;KIF2C;KIF20A","Reactome_2022","Downregulated"
"G2/M DNA Replication Checkpoint R-HSA-69478","3/5",3.46676359139853e-05,0.00104901698302689,0,0,97.4851485148515,1001.14361855413,"CCNB2;CCNB1;CDK1","Reactome_2022","Downregulated"
"Condensation Of Prophase Chromosomes R-HSA-2299718","6/43",4.62380729997911e-05,0.00129772132495165,0,0,10.6254054054054,106.059683601679,"H2AX;CCNB1;NCAPH2;PLK1;CDK1;PHF8","Reactome_2022","Downregulated"
"Factors Involved In Megakaryocyte Development And Platelet Production R-HSA-983231","10/136",4.7188694474049e-05,0.00129772132495165,0,0,5.24667524667525,52.2640010918653,"RACGAP1;KIFC1;KIF4A;CDK2;KIF13B;KIF1C;KIF2C;KIF20A;KIF11;KIF22","Reactome_2022","Downregulated"
"Golgi Cisternae Pericentriolar Stack Reorganization R-HSA-162658","4/14",4.76519458366578e-05,0.00129772132495165,0,0,26.0715231788079,259.453033552509,"CCNB2;CCNB1;PLK1;CDK1","Reactome_2022","Downregulated"
"Phosphorylation Of Emi1 R-HSA-176417","3/6",6.85489096375136e-05,0.00180659545722092,0,0,64.986798679868,623.091025011481,"CCNB1;PLK1;CDK1","Reactome_2022","Downregulated"
"Intra-Golgi And Retrograde Golgi-to-ER Traffic R-HSA-6811442","11/181",0.000112768661440787,0.0028791248874101,0,0,4.28243270189432,38.9280501881209,"RACGAP1;KIFC1;KIF4A;GALNT1;KIF13B;KIF1C;KIF2C;KIF20A;KIF11;KIF22;ARF5","Reactome_2022","Downregulated"
"G2/M Transition R-HSA-69275","11/182",0.000118418000994183,0.00293174263067418,0,0,4.25717117652889,38.4903183847868,"CCNA2;MZT2B;CCNB2;CCNB1;FBXW11;PLK1;CDK2;CDK1;CSNK1E;HMMR;HAUS1","Reactome_2022","Downregulated"
"Mitotic G2-G2/M Phases R-HSA-453274","11/184",0.000130443286947542,0.00313447545400417,0,0,4.20752424806505,37.6345036140645,"CCNA2;MZT2B;CCNB2;CCNB1;FBXW11;PLK1;CDK2;CDK1;CSNK1E;HMMR;HAUS1","Reactome_2022","Downregulated"
"DNA Replication R-HSA-69306","10/155",0.00014114617777048,0.00329475506395662,0,0,4.55475302889096,40.3811398939731,"H2AX;CCNA2;GINS1;POLA1;POLA2;UBE2C;PRIM1;CDK2;MCM10;POLE","Reactome_2022","Downregulated"
"RHO GTPase Cycle R-HSA-9012999","18/441",0.000166618884412394,0.00378132301569238,0,0,2.84736997635934,24.7715535425258,"GRB7;JAG1;ABCD3;ARHGEF12;NDUFA5;NCOA3;CYBA;ANLN;CCDC88A;RACGAP1;CDC42EP4;RAPGEF1;FLOT1;NDUFS3;ABL2;PLXNA1;FLOT2;ECT2","Reactome_2022","Downregulated"
"S Phase R-HSA-69242","10/161",0.000192598626495495,0.00425278588775188,0,0,4.37242706282441,37.4056858554129,"CCNA2;GINS1;POLA1;POLA2;UBE2C;CDCA5;PRIM1;CDK2;AKT1;POLE","Reactome_2022","Downregulated"
"Phosphorylation Of APC/C R-HSA-176412","4/20",0.000214516169011506,0.00461209763374737,0,0,16.2897350993377,137.601435808063,"CCNB1;UBE2C;PLK1;CDK1","Reactome_2022","Downregulated"
"Processing Of DNA Double-Strand Break Ends R-HSA-5693607","7/80",0.000224050118003195,0.00469356272842591,0,0,6.29252760342695,52.8801416406733,"H2AX;CCNA2;TIPIN;PPP4C;CHEK1;CDK2;TIMELESS","Reactome_2022","Downregulated"
"Mitotic Anaphase R-HSA-68882","12/232",0.000253251502977915,0.00517266194832391,0,0,3.61298701298701,29.919606038467,"CCNB2;CCNB1;INCENP;UBE2C;CDCA5;PLK1;CDK1;CDCA8;KIF2C;SPC24;NDC80;AURKB","Reactome_2022","Downregulated"
"Mitotic Metaphase And Anaphase R-HSA-2555396","12/233",0.000263422085289506,0.00524916691906161,0,0,3.59645396620187,29.6410849963242,"CCNB2;CCNB1;INCENP;UBE2C;CDCA5;PLK1;CDK1;CDCA8;KIF2C;SPC24;NDC80;AURKB","Reactome_2022","Downregulated"
"Lipophagy R-HSA-9613354","3/9",0.000278232308717336,0.00541228086243008,0,0,32.4884488448845,265.984689954291,"PRKAA2;PRKAG1;PLIN2","Reactome_2022","Downregulated"
"Mitotic Spindle Checkpoint R-HSA-69618","8/110",0.000290924741648324,0.00552757009131815,0,0,5.15646795631004,41.9862615962528,"UBE2C;INCENP;PLK1;CDCA8;KIF2C;NDC80;AURKB;SPC24","Reactome_2022","Downregulated"
"DNA Repair R-HSA-73894","14/310",0.000322038865496367,0.00597967620705755,0,0,3.1420307293595,25.2645610893796,"H2AX;FANCI;TIPIN;MGMT;MPG;MLH1;CCNA2;PPP4C;NTHL1;CHEK1;CDK2;PCLAF;TIMELESS;POLE","Reactome_2022","Downregulated"
"HDR Thru Homologous Recombination (HRR) Or Single Strand Annealing (SSA) R-HSA-5693567","8/114",0.000370782421603919,0.00654159590586703,0,0,4.96087121691782,39.190362377375,"H2AX;CCNA2;TIPIN;PPP4C;CHEK1;CDK2;TIMELESS;POLE","Reactome_2022","Downregulated"
"APC/C-mediated Degradation Of Cell Cycle Proteins R-HSA-174143","7/87",0.000376321918697369,0.00654159590586703,0,0,5.73988294314381,45.2593536241016,"CCNA2;CCNB1;UBE2C;PLK1;CDK2;CDK1;AURKB","Reactome_2022","Downregulated"
"Regulation Of PLK1 Activity At G2/M Transition R-HSA-2565942","7/87",0.000376321918697369,0.00654159590586703,0,0,5.73988294314381,45.2593536241016,"CCNB2;CCNB1;FBXW11;PLK1;CDK1;CSNK1E;HAUS1","Reactome_2022","Downregulated"
"Condensation Of Prometaphase Chromosomes R-HSA-2514853","3/10",0.000392978576254073,0.00668882284999119,0,0,27.8458274398868,218.360169390829,"CCNB2;CCNB1;CDK1","Reactome_2022","Downregulated"
"Opioid Signaling R-HSA-111885","7/88",0.000403574286125954,0.00672898350540621,0,0,5.66873116148478,44.3019842391645,"NBEA;GNB1;GNAI3;CAMKK1;CAMKK2;GNAI2;PPP1CA","Reactome_2022","Downregulated"
"Defective Pyroptosis R-HSA-9710421","5/42",0.000434032304391772,0.00695302730760937,0,0,8.82508754601778,68.3272836198192,"H2AX;POLA1;POLA2;PRIM1;EZH2","Reactome_2022","Downregulated"
"Signaling By SCF-KIT R-HSA-1433557","5/42",0.000434032304391772,0.00695302730760937,0,0,8.82508754601778,68.3272836198192,"LYN;GRB7;YES1;CHEK1;SOCS6","Reactome_2022","Downregulated"
"Regulation Of TP53 Activity Thru Phosphorylation R-HSA-6804756","7/90",0.000462807467078849,0.00727141731929652,0,0,5.53157110045533,42.4725060605927,"CCNA2;PRKAA1;PRKAA2;CHEK1;CDK2;PRKAG1;AURKB","Reactome_2022","Downregulated"
"Homology Directed Repair R-HSA-5693538","8/119",0.000494808656780439,0.00748627171462257,0,0,4.73619928653486,36.0488203404525,"H2AX;CCNA2;TIPIN;PPP4C;CHEK1;CDK2;TIMELESS;POLE","Reactome_2022","Downregulated"
"Synthesis Of DNA R-HSA-69239","8/119",0.000494808656780439,0.00748627171462257,0,0,4.73619928653486,36.0488203404525,"CCNA2;GINS1;POLA1;POLA2;UBE2C;PRIM1;CDK2;POLE","Reactome_2022","Downregulated"
"Unattached Kinetochores Signal Amplification Via A MAD2 Inhibitory Signal R-HSA-141444","7/93",0.000564455250502891,0.00838472617565204,0,0,5.33779264214047,39.9248178017053,"INCENP;PLK1;CDCA8;KIF2C;AURKB;NDC80;SPC24","Reactome_2022","Downregulated"
"RHOB GTPase Cycle R-HSA-9013026","6/69",0.000652075907585696,0.00951332172316988,0,0,6.23206349206349,45.7143643198936,"ANLN;ARHGEF12;RACGAP1;FLOT1;FLOT2;ECT2","Reactome_2022","Downregulated"
"Telomere C-strand Synthesis Initiation R-HSA-174430","3/12",0.000704270734764966,0.00989606474597211,0,0,21.6556655665567,157.184350558501,"POLA1;POLA2;PRIM1","Reactome_2022","Downregulated"
"G0 And Early G1 R-HSA-1538133","4/27",0.000714220183019836,0.00989606474597211,0,0,11.3279585372876,82.0633482487571,"TOP2A;CCNA2;CDK2;CDK1","Reactome_2022","Downregulated"
"Regulation Of TP53 Activity R-HSA-5633007","9/157",0.000716133183461437,0.00989606474597211,0,0,4.0020475020475,28.9814048732536,"CCNA2;PRKAA1;PRKAA2;CHEK1;CDK2;CDK1;PRKAG1;AKT1;AURKB","Reactome_2022","Downregulated"
"EML4 And NUDC In Mitotic Spindle Formation R-HSA-9648025","7/97",0.000726761180854745,0.00989606474597211,0,0,5.09951690821256,36.853763170802,"INCENP;PLK1;CDCA8;KIF2C;NDC80;AURKB;SPC24","Reactome_2022","Downregulated"
"DNA Replication Pre-Initiation R-HSA-69002","8/127",0.000761466463659853,0.0101986573903295,0,0,4.41599458575377,31.7080088314458,"H2AX;POLA1;POLA2;UBE2C;PRIM1;CDK2;MCM10;POLE","Reactome_2022","Downregulated"
"RHOC GTPase Cycle R-HSA-9013106","6/73",0.000879993029287489,0.0115556701611781,0,0,5.85880597014925,41.2201951983509,"ANLN;ABCD3;ARHGEF12;RACGAP1;FLOT1;FLOT2","Reactome_2022","Downregulated"
"Chk1/Chk2(Cds1) Mediated Inactivation Of Cyclin B:Cdk1 Complex R-HSA-75035","3/13",0.000905217736004161,0.0115556701611781,0,0,19.4891089108911,136.566715982723,"CCNB1;CHEK1;CDK1","Reactome_2022","Downregulated"
"Inhibition Of Replication Initiation Of Damaged DNA By RB1/E2F1 R-HSA-113501","3/13",0.000905217736004161,0.0115556701611781,0,0,19.4891089108911,136.566715982723,"POLA1;POLA2;PRIM1","Reactome_2022","Downregulated"
"Activation Of NMDA Receptors And Postsynaptic Events R-HSA-442755","6/74",0.000945532161718004,0.0118846119403632,0,0,5.77235294117647,40.1972958425394,"PRKAA1;PRKAA2;NBEA;PRKAG1;CAMKK1;CAMKK2","Reactome_2022","Downregulated"
"Extension Of Telomeres R-HSA-180786","5/50",0.000978574968200007,0.0121135719548395,0,0,7.25322997416021,50.2606272255237,"CCNA2;POLA1;POLA2;PRIM1;CDK2","Reactome_2022","Downregulated"
"Leading Strand Synthesis R-HSA-69109","3/14",0.00113910065786439,0.0134583603590021,0,0,17.7164716471647,120.07367403006,"POLA1;POLA2;PRIM1","Reactome_2022","Downregulated"
"Removal Of Flap Intermediate R-HSA-69166","3/14",0.00113910065786439,0.0134583603590021,0,0,17.7164716471647,120.07367403006,"POLA1;POLA2;PRIM1","Reactome_2022","Downregulated"
"Chromatin Modifying Enzymes R-HSA-3247509","11/238",0.00114941730147819,0.0134583603590021,0,0,3.19774509071903,21.6439381562099,"H2AX;MORF4L1;SETD2;NCOR1;HDAC3;AEBP2;H2AC21;KMT2B;ARID2;EZH2;PHF8","Reactome_2022","Downregulated"
"G-protein Mediated Events R-HSA-112040","5/52",0.00117089919212219,0.0134583603590021,0,0,6.94387502650739,46.8710403625603,"NBEA;GNAI3;CAMKK1;CAMKK2;GNAI2","Reactome_2022","Downregulated"
"Transcriptional Regulation By TP53 R-HSA-3700989","14/354",0.00117993373063839,0.0134583603590021,0,0,2.72921031426269,18.4011465212025,"FANCI;PRKAA1;PRKAA2;CRADD;PRKAG1;MLH1;AURKB;CCNA2;CCNB1;AIFM2;CHEK1;CDK2;CDK1;AKT1","Reactome_2022","Downregulated"
"Signaling By NOTCH R-HSA-157118","10/203",0.00118604889332699,0.0134583603590021,0,0,3.41356252625683,22.9976068351614,"H2AX;JAG1;NCOR1;HDAC3;NBEA;TACC3;CNTN1;AKT1;FURIN;DLGAP5","Reactome_2022","Downregulated"
"DNA Strand Elongation R-HSA-69190","4/31",0.00122044896025811,0.0136589972675463,0,0,9.64778023056169,64.7224857022352,"GINS1;POLA1;POLA2;PRIM1","Reactome_2022","Downregulated"
"Separation Of Sister Chromatids R-HSA-2467813","9/170",0.00125666849779888,0.0138742994959688,0,0,3.67645398080181,24.5561063868267,"UBE2C;INCENP;CDCA5;PLK1;CDCA8;KIF2C;NDC80;AURKB;SPC24","Reactome_2022","Downregulated"
"Processive Synthesis On Lagging Strand R-HSA-69183","3/15",0.00140782760199987,0.0152773614359994,0,0,16.2392739273927,106.622322140649,"POLA1;POLA2;PRIM1","Reactome_2022","Downregulated"
"Regulation Of APC/C Activators Between G1/S And Early Anaphase R-HSA-176408","6/80",0.0014211499010232,0.0152773614359994,0,0,5.3027027027027,34.7660511116316,"CCNA2;CCNB1;UBE2C;PLK1;CDK2;CDK1","Reactome_2022","Downregulated"
"Mitotic Prophase R-HSA-68875","7/112",0.00168838950182709,0.0177174866978111,0,0,4.36767001114827,27.88311870489,"H2AX;CCNB2;CCNB1;NCAPH2;PLK1;CDK1;PHF8","Reactome_2022","Downregulated"
"Polo-like Kinase Mediated Events R-HSA-156711","3/16",0.00171319638816044,0.0177174866978111,0,0,14.989337395278,95.4730019719797,"CCNB2;CCNB1;PLK1","Reactome_2022","Downregulated"
"Regulation Of KIT Signaling R-HSA-1433559","3/16",0.00171319638816044,0.0177174866978111,0,0,14.989337395278,95.4730019719797,"LYN;YES1;SOCS6","Reactome_2022","Downregulated"
"Metabolism R-HSA-1430728","48/2049",0.00185985066476371,0.0189937249138994,0,0,1.64503794614321,10.3427797675211,"N6AMT1;SLC35B2;NDUFB7;PRKAA2;HDAC3;HPGD;NAXE;NDUFA12;NDUFB3;HMMR;TYMS;HACD2;GNAI2;AKT1;HMOX1;TK1;ARSD;NDUFA8;NDUFA7;TIMMDC1;RRM2;NDUFA5;NCOA3;AKR1C1;NDUFA3;PLEKHA6;AKR1C2;BAAT;GPCPD1;DCK;MED13L;PPP1CA;DHFR;MARCKS;NCOR1;CYP24A1;HOOK2;NDUFS7;NDUFAF4;PXMP2;GNB1;NDUFS4;RPL37A;NDUFS3;NDUFS2;PLIN2;MAN2B1;RBKS","Reactome_2022","Downregulated"
"Neurotransmitter Receptors And Postsynaptic Signal Transmission R-HSA-112314","9/182",0.0020107356893056,0.0202811241748478,0,0,3.41933788754598,21.231539538993,"PRKAA1;PRKAA2;NBEA;GNB1;PRKAG1;GNAI3;CAMKK1;CAMKK2;GNAI2","Reactome_2022","Downregulated"
"DNA Double-Strand Break Repair R-HSA-5693532","8/149",0.00212062126502588,0.0211286289454408,0,0,3.72278547289257,22.9176393030907,"H2AX;CCNA2;TIPIN;PPP4C;CHEK1;CDK2;TIMELESS;POLE","Reactome_2022","Downregulated"
"Regulation Of TP53 Degradation R-HSA-6804757","4/36",0.00215191586219974,0.0211821115592432,0,0,8.13824503311258,49.980191474481,"CCNA2;CDK2;CDK1;AKT1","Reactome_2022","Downregulated"
"G2 Phase R-HSA-68911","2/5",0.00226318678731853,0.0220121857766576,0,0,43.1820175438597,263.020864639781,"CCNA2;CDK2","Reactome_2022","Downregulated"
"Regulation Of TP53 Expression And Degradation R-HSA-6806003","4/37",0.00238406136216876,0.0222560978078159,0,0,7.89123018262091,47.6547428616416,"CCNA2;CDK2;CDK1;AKT1","Reactome_2022","Downregulated"
"RHO GTPases Activate Formins R-HSA-5663220","7/119",0.00238542840531214,0.0222560978078159,0,0,4.09322742474916,24.7164484786548,"INCENP;PLK1;CDCA8;KIF2C;NDC80;AURKB;SPC24","Reactome_2022","Downregulated"
"DNA Damage/Telomere Stress Induced Senescence R-HSA-2559586","5/61",0.00239722962923843,0.0222560978078159,0,0,5.82522543901281,35.1461570825603,"H2AX;CCNA2;UBN1;CDK2;ASF1A","Reactome_2022","Downregulated"
"Post NMDA Receptor Activation Events R-HSA-438064","5/61",0.00239722962923843,0.0222560978078159,0,0,5.82522543901281,35.1461570825603,"PRKAA1;PRKAA2;PRKAG1;CAMKK1;CAMKK2","Reactome_2022","Downregulated"
"Regulation Of Signaling By CBL R-HSA-912631","3/18",0.00244052070829355,0.022403431670515,0,0,12.9894389438944,78.1385396500981,"LYN;YES1;RAPGEF1","Reactome_2022","Downregulated"
"Initiation Of Nuclear Envelope (NE) Reformation R-HSA-2995383","3/19",0.00286555217329474,0.02600394405116,0,0,12.1769801980198,71.2961486367843,"CCNB2;CCNB1;CDK1","Reactome_2022","Downregulated"
"Telomere Maintenance R-HSA-157579","6/92",0.00289640013299334,0.02600394405116,0,0,4.56,26.6499471081897,"H2AX;CCNA2;POLA1;POLA2;PRIM1;CDK2","Reactome_2022","Downregulated"
"RAC3 GTPase Cycle R-HSA-9013423","6/93",0.00305722440659466,0.0271494819585635,0,0,4.50735632183908,26.0987101674751,"JAG1;RACGAP1;NCOA3;RAPGEF1;ABL2;CYBA","Reactome_2022","Downregulated"
"Lagging Strand Synthesis R-HSA-69186","3/20",0.00333338403535975,0.0292835995364399,0,0,11.4601048340128,65.3657707961294,"POLA1;POLA2;PRIM1","Reactome_2022","Downregulated"
"MTOR Signaling R-HSA-165159","4/41",0.00348500221472099,0.0302898596747559,0,0,7.03669232146053,39.8226585580196,"PRKAA1;PRKAA2;PRKAG1;AKT1","Reactome_2022","Downregulated"
"RND1 GTPase Cycle R-HSA-9696273","4/42",0.0038061580585101,0.0323878549812924,0,0,6.85116765423493,38.1687797874079,"GRB7;CCDC88A;FLOT2;PLXNA1","Reactome_2022","Downregulated"
"Protein Localization R-HSA-9609507","8/164",0.00382441336797435,0.0323878549812924,0,0,3.36224401996214,18.7154276437658,"TIMM8B;ABCD3;ZFAND6;PXMP2;HMOX1;TYSND1;BAAT;TOMM20","Reactome_2022","Downregulated"
"CTLA4 Inhibitory Signaling R-HSA-389513","3/21",0.00384531448370301,0.0323878549812924,0,0,10.8228822882288,60.1849649160218,"LYN;YES1;AKT1","Reactome_2022","Downregulated"
"ADP Signaling Thru P2Y Purinoceptor 12 R-HSA-392170","3/22",0.00440255151668583,0.036702903970738,0,0,10.2527357998958,55.6269461903471,"GNB1;GNAI3;GNAI2","Reactome_2022","Downregulated"
"Diseases Of Programmed Cell Death R-HSA-9645723","5/71",0.00463672057184272,0.0376732681175789,0,0,4.94009866102889,26.5468449830229,"H2AX;POLA1;POLA2;PRIM1;EZH2","Reactome_2022","Downregulated"
"Activation Of RAC1 Downstream Of NMDARs R-HSA-9619229","2/7",0.00465728283950485,0.0376732681175789,0,0,25.9065789473684,139.100792332116,"CAMKK1;CAMKK2","Reactome_2022","Downregulated"
"Loss Of MECP2 Binding Ability To NCoR/SMRT Complex R-HSA-9022537","2/7",0.00465728283950485,0.0376732681175789,0,0,25.9065789473684,139.100792332116,"HDAC3;NCOR1","Reactome_2022","Downregulated"
"SUMOylation Of DNA Replication Proteins R-HSA-4615885","4/45",0.0048885814139217,0.0390391140199528,0,0,6.34889355516072,33.7815300623819,"TOP2A;INCENP;CDCA8;AURKB","Reactome_2022","Downregulated"
"AURKA Activation By TPX2 R-HSA-8854518","5/72",0.00492169980912502,0.0390391140199528,0,0,4.86611791540636,25.8590436301701,"PLK1;CDK1;CSNK1E;HMMR;HAUS1","Reactome_2022","Downregulated"
"Generic Transcription Pathway R-HSA-212436","30/1190",0.00506401906441611,0.0397817651502688,0,0,1.73669415292354,9.17946163503257,"H2AX;PRKAA1;PRKAA2;HDAC3;KMT2B;PRKAG1;FURIN;NR2C2;AURKB;CCNB1;AIFM2;CHEK1;AKT1;ZNF688;ARID2;FANCI;TFAP2A;WWOX;YES1;JAG1;RRM2;CRADD;UBE2C;MLH1;CCNA2;NCOR1;CDK2;CDK1;RNF141;EZH2","Reactome_2022","Downregulated"
"MHC Class II Antigen Presentation R-HSA-2132295","6/104",0.00529656524890201,0.0412123219843137,0,0,3.99918367346939,20.9585088192352,"RACGAP1;KIF4A;KIF2C;KIF20A;KIF11;KIF22","Reactome_2022","Downregulated"
"Signaling By NOTCH1 R-HSA-1980143","5/74",0.00552854906793789,0.0426115527217477,0,0,4.72458953247629,24.5576126075317,"NCOR1;HDAC3;JAG1;NBEA;CNTN1","Reactome_2022","Downregulated"
"APC/C:Cdc20 Mediated Degradation Of Cyclin B R-HSA-174048","3/24",0.00565734458966615,0.0427967641644189,0,0,9.27534181989627,47.9980448843531,"CCNB1;UBE2C;CDK1","Reactome_2022","Downregulated"
"Synthesis Of Bile Acids And Bile Salts Via 7Alpha-Hydroxycholesterol R-HSA-193368","3/24",0.00565734458966615,0.0427967641644189,0,0,9.27534181989627,47.9980448843531,"AKR1C1;AKR1C2;BAAT","Reactome_2022","Downregulated"
"PKMTs Methylate Histone Lysines R-HSA-3214841","4/47",0.00571454920830902,0.0428329055338392,0,0,6.05298013245033,31.2620677832367,"SETD2;AEBP2;KMT2B;EZH2","Reactome_2022","Downregulated"
"Platelet Activation, Signaling And Aggregation R-HSA-76002","10/254",0.00593936775959964,0.0441133041781173,0,0,2.6930106335844,13.8047834316887,"LYN;TOR4A;FGB;GNB1;GNAI3;AKT1;ABHD6;CYRIB;GNAI2;SOD1","Reactome_2022","Downregulated"
"CREB1 Phosphorylation Thru Activation Of CaMKII/CaMKK/CaMKIV Cascasde R-HSA-442729","2/8",0.00614717984176483,0.0451275548853643,0,0,21.5877192982456,109.919525867581,"CAMKK1;CAMKK2","Reactome_2022","Downregulated"
"Activation Of APC/C And APC/C:Cdc20 Mediated Degradation Of Mitotic Proteins R-HSA-176814","5/76",0.0061863967529508,0.0451275548853643,0,0,4.59103457957045,23.3472585886843,"CCNA2;CCNB1;UBE2C;PLK1;CDK1","Reactome_2022","Downregulated"
"Polymerase Switching On C-strand Of Telomere R-HSA-174411","3/25",0.00635689270329751,0.0459608968017174,0,0,8.85328532853285,44.7818258686929,"POLA1;POLA2;PRIM1","Reactome_2022","Downregulated"
"TP53 Regulates Transcription Of Cell Cycle Genes R-HSA-6791312","4/49",0.00662867194694654,0.0475054822864502,0,0,5.78337012509198,29.0114133797853,"CCNA2;CCNB1;CDK2;CDK1","Reactome_2022","Downregulated"
"Neuronal System R-HSA-112316","13/386",0.00677675406609405,0.0481444180173812,0,0,2.29824593508953,11.4780309478243,"PRKAA1;PRKAA2;HOMER1;PRKAG1;GNAI3;CAMKK1;GNAI2;CAMKK2;PPFIBP2;NBEA;GNB1;FLOT1;FLOT2","Reactome_2022","Downregulated"
"Mitochondrial Complex I Assembly Model OXPHOS System WP4324","14/56",9.3282020779799e-14,3.6659834166461e-11,0,0,22.4337899543379,673.084342835527,"NDUFA8;NDUFA7;NDUFB7;TIMMDC1;DMAC1;NDUFA5;NDUFA12;NDUFA3;NDUFB3;NDUFAF4;NDUFS4;NDUFS3;NDUFS2;ND5","WikiPathways_2024_Human","Downregulated"
"Retinoblastoma Gene In Cancer WP2446","16/87",2.71495349725844e-13,5.33488362211284e-11,0,0,15.2485672656629,441.214722675956,"TOP2A;RRM2;PRIM1;TYMS;DCK;CCNA2;DHFR;CCNB2;POLA1;ANLN;CCNB1;KIF4A;CHEK1;CDK2;CDK1;POLE","WikiPathways_2024_Human","Downregulated"
"Nonalcoholic Fatty Liver Disease WP4396","15/154",1.52237305515024e-08,1.99430870224681e-06,0,0,7.25172439368093,130.534015237736,"NDUFA8;PRKAA1;NDUFA7;PRKAA2;NDUFB7;NDUFA5;NDUFA12;NDUFA3;NDUFB3;PRKAG1;NDUFS7;NDUFS4;NDUFS3;AKT1;NDUFS2","WikiPathways_2024_Human","Downregulated"
"Oxidative Phosphorylation WP623","10/60",2.32730237498692e-08,2.28657458342464e-06,0,0,13.272972972973,233.285387075807,"NDUFA8;NDUFA7;NDUFB7;NDUFS7;NDUFA5;NDUFA3;NDUFS4;NDUFS3;NDUFS2;ND5","WikiPathways_2024_Human","Downregulated"
"Electron Transport Chain OXPHOS System In Mitochondria WP111","12/105",7.27949326431889e-08,5.72168170575465e-06,0,0,8.60258942286592,141.388886389083,"NDUFA8;NDUFA7;NDUFB7;NDUFS7;NDUFA5;NDUFA12;NDUFA3;NDUFS4;NDUFB3;NDUFS3;NDUFS2;ND5","WikiPathways_2024_Human","Downregulated"
"AMP Activated Protein Kinase Signaling WP1403","8/67",8.16540308606364e-06,0.000534833902137168,0,0,8.93413718575816,104.668817506251,"CCNA2;PRKAA1;CCNB1;PRKAA2;PRKAG1;AKT1;CAMKK1;CAMKK2","WikiPathways_2024_Human","Downregulated"
"Circadian Rhythm Genes WP3594","13/201",1.41239376821502e-05,0.000792958215583574,0,0,4.60347832401423,51.4099863323034,"TOP2A;PRKAA1;PRKAA2;HDAC3;HOMER1;FBXW11;CSNK1E;TYMS;PPP1CA;RAI1;NCOR1;TIMELESS;EZH2","WikiPathways_2024_Human","Downregulated"
"Thyroid Stimulating Hormone TSH Signaling WP2032","7/58",2.8241172995705e-05,0.00132111624530903,0,0,9.01705029838022,94.4511637510353,"CDK2;GNB1;GNAI3;AKT1;PLD1;RAP1GAP;GNAI2","WikiPathways_2024_Human","Downregulated"
"ATM Signaling WP2516","6/40",3.02545705032602e-05,0.00132111624530903,0,0,11.5647058823529,120.340748445737,"H2AX;CCNB1;CRADD;CHEK1;CDK2;CDK1","WikiPathways_2024_Human","Downregulated"
"DNA Replication WP466","6/42",4.03000066403788e-05,0.00158379026096689,0,0,10.9211111111111,110.512458962595,"POLA1;POLA2;PRIM1;CDK2;MCM10;POLE","WikiPathways_2024_Human","Downregulated"
"Lipid Metabolism Pathway WP3965","5/29",7.12787430254067e-05,0.0025465950917259,0,0,13.6143410852713,130.00215053333,"PRKAA1;PRKAA2;PRKAG1;AKT1;PRKACA","WikiPathways_2024_Human","Downregulated"
"Urotensin II Mediated Signaling WP5158","7/69",8.77985840035447e-05,0.00265421873179947,0,0,7.41309742151257,69.24177837847,"AIFM2;CDK2;CDK1;AKT1;HMOX1;CYBA;PRKACA","WikiPathways_2024_Human","Downregulated"
"DNA Damage Response WP707","7/69",8.77985840035447e-05,0.00265421873179947,0,0,7.41309742151257,69.24177837847,"H2AX;CCNB2;CCNB1;CHEK1;CDK2;CDK1;AKT1","WikiPathways_2024_Human","Downregulated"
"DNA Repair Pathways Full Network WP4946","9/120",9.67374706830376e-05,0.00271555899845956,0,0,5.34616434616435,49.4173221862962,"FANCI;H2AX;MPG;NTHL1;MGMT;CHEK1;MLH1;POLE;RAD54B","WikiPathways_2024_Human","Downregulated"
"DNA IR Damage And Cellular Response Via ATR WP4016","7/81",0.00024207858552022,0.00634245894062977,0,0,6.20717707674229,51.6824966579533,"H2AX;FANCI;CHEK1;PLK1;CDK2;CDK1;MLH1","WikiPathways_2024_Human","Downregulated"
"G1 To S Cell Cycle Control WP45","6/64",0.000434666849901948,0.0106765045007166,0,0,6.77103448275862,52.4141085804768,"CCNB1;POLA2;PRIM1;CDK2;CDK1;POLE","WikiPathways_2024_Human","Downregulated"
"Pathways Affected In Adenoid Cystic Carcinoma WP3651","6/65",0.000472800759138986,0.0109300410789189,0,0,6.65593220338983,50.96338454492,"MORF4L1;SETD2;NCOR1;UHRF1;CHEK1;AKT1","WikiPathways_2024_Human","Downregulated"
"S1P Receptor Signal Transduction WP26","4/25",0.000527342652751761,0.0111791721943901,0,0,12.4080731630401,93.6519178090504,"RACGAP1;GNAI3;AKT1;GNAI2","WikiPathways_2024_Human","Downregulated"
"Integrated Cancer Pathway WP1971","5/44",0.000540468884716059,0.0111791721943901,0,0,8.37166709259733,62.9806667725541,"CHEK1;PLK1;CDK2;CDK1;AKT1","WikiPathways_2024_Human","Downregulated"
"miRNA Regulation Of DNA Damage Response WP1530","6/69",0.000652075907585696,0.0128132915840589,0,0,6.23206349206349,45.7143643198936,"H2AX;CCNB2;CCNB1;CHEK1;CDK2;CDK1","WikiPathways_2024_Human","Downregulated"
"Gastric Cancer Network 1 WP2361","4/27",0.000714220183019836,0.0133661205679426,0,0,11.3279585372876,82.0633482487571,"TOP2A;UBE2C;ECT2;H3-3A","WikiPathways_2024_Human","Downregulated"
"Microtubule Cytoskeleton Regulation WP2038","5/48",0.000810762548003778,0.0144831673347948,0,0,7.59136212624585,54.0317881808984,"CDK1;AKT1;KIF2C;PRKACA;AURKB","WikiPathways_2024_Human","Downregulated"
"Synaptic Signaling Associated With Autism Spectrum Disorder WP4539","5/50",0.000978574968200007,0.0167208679348958,0,0,7.25322997416021,50.2606272255237,"PRKAA1;PRKAA2;HOMER1;PRKAG1;AKT1","WikiPathways_2024_Human","Downregulated"
"Netrin UNC5B Signaling WP4747","5/52",0.00117089919212219,0.0191734742710009,0,0,6.94387502650739,46.8710403625603,"ARHGEF12;DAPK1;AKT1;CIP2A;PPP1CA","WikiPathways_2024_Human","Downregulated"
"Fluoropyrimidine Activity WP1601","4/33",0.00154957261698137,0.0243592815389471,0,0,8.98150262617036,58.1083111860325,"DHFR;RRM2;TK1;TYMS","WikiPathways_2024_Human","Downregulated"
"Cohesin Complex Cornelia De Lange Syndrome WP5117","4/34",0.00173526510924899,0.0262291995359559,0,0,8.68167770419426,55.185909750556,"CDCA5;PLK1;CDK1;AURKB","WikiPathways_2024_Human","Downregulated"
"Target Of Rapamycin Signaling WP1471","4/36",0.00215191586219974,0.030671629155552,0,0,8.13824503311258,49.980191474481,"PRKAA1;PRKAA2;PRKAG1;AKT1","WikiPathways_2024_Human","Downregulated"
"Androgen Receptor Signaling WP138","6/87",0.0021852560212607,0.030671629155552,0,0,4.84271604938272,29.6665864389155,"PSMC3IP;NCOR1;RNF14;NCOA3;AKT1;NR2C2","WikiPathways_2024_Human","Downregulated"
"Cell Cycle WP179","7/120",0.00250078540361991,0.0338899539180215,0,0,4.05679699292627,24.3048810688704,"CCNA2;CCNB2;CCNB1;CHEK1;PLK1;CDK2;CDK1","WikiPathways_2024_Human","Downregulated"
"P53 Transcriptional Gene Network WP4963","6/91",0.00274198948409872,0.0359200622416932,0,0,4.61388235294118,27.2176220447088,"PRKAA1;PRKAA2;MGMT;CDK2;PRKAG1;MLH1","WikiPathways_2024_Human","Downregulated"
"Ovarian Infertility WP34","4/39",0.00289891558951561,0.0367507686025688,0,0,7.439545884579,43.4723804000111,"NCOR1;AKT1;MLH1;SYNE2","WikiPathways_2024_Human","Downregulated"
"Insulin Signaling WP481","8/160",0.00329206541805442,0.0403152537025239,0,0,3.45143058989756,19.7292060250295,"PRKAA1;PRKAA2;GRB14;STXBP4;FLOT1;RAPGEF1;AKT1;FLOT2","WikiPathways_2024_Human","Downregulated"
"Histone Modifications WP2369","5/66",0.00338525031089895,0.0403152537025239,0,0,5.34638636239856,30.4119961873179,"SETD2;AEBP2;KMT2B;H3-3A;EZH2","WikiPathways_2024_Human","Downregulated"
"Nicotine Effect On Dopaminergic Neurons WP1602","3/21",0.00384531448370301,0.0435728614023922,0,0,10.8228822882288,60.1849649160218,"GNB1;PRKACA;PPP1CA","WikiPathways_2024_Human","Downregulated"
"Hippo Signaling Regulation WP4540","6/98",0.0039632720786565,0.0435728614023922,0,0,4.26130434782609,23.5679333682314,"PRKAA1;PRKAA2;PRKAG1;GNAI3;PRKACA;GNAI2","WikiPathways_2024_Human","Downregulated"
"Trans Sulfuration One Carbon Metabolism And Related Pathways WP2525","5/69",0.0041022795722354,0.0435728614023922,0,0,5.09499584717608,28.0031796922732,"DHFR;BAAT;TYMS;PLD1;SOD1","WikiPathways_2024_Human","Downregulated"
"Sterol Regulatory Element Binding Proteins SREBP Signaling WP1982","5/69",0.0041022795722354,0.0435728614023922,0,0,5.09499584717608,28.0031796922732,"PRKAA1;PRKAA2;PRKAG1;AKT1;PRKACA","WikiPathways_2024_Human","Downregulated"
"Angiopoietin Like Protein 8 Regulatory Pathway WP3915","7/132",0.00424595113618152,0.0439120735926141,0,0,3.66509698996656,20.0179879776148,"PRKAA1;PRKAA2;PRKAG1;FLOT1;RAPGEF1;AKT1;FLOT2","WikiPathways_2024_Human","Downregulated"
"PI3K AKT mTOR Vitamin D3 Signaling WP4141","3/22",0.00440255151668583,0.0443641729758342,0,0,10.2527357998958,55.6269461903471,"PRKAA2;CYP24A1;AKT1","WikiPathways_2024_Human","Downregulated"
"Estrogen Signaling WP712","3/23",0.00500621599231482,0.0491860721244931,0,0,9.73960396039604,51.5914120662463,"GNB1;AKT1;PRKACA","WikiPathways_2024_Human","Downregulated"
